Area_sqft,Bedrooms,Bathrooms,Age_years,Parking,Price
1460,2,4,18,2,737202.0
1894,2,4,4,2,958642.0
1730,3,1,14,0,583819.0
1695,4,1,24,2,418128.0
2238,2,1,1,0,496740.0
2769,1,1,9,1,492771.0
1066,4,4,23,2,620472.0
1838,4,2,29,0,500119.0
930,1,1,17,0,-109746.0
2082,2,1,26,2,450255.0
2735,1,4,12,1,664449.0
730,4,4,4,1,756812.0
2285,5,3,22,1,686540.0
1369,5,1,23,0,269864.0
2991,3,3,0,0,1055967.0
2115,1,4,21,0,409582.0
3453,1,4,0,0,788954.0
3033,3,2,17,1,570442.0
1815,3,1,14,2,503672.0
1555,3,3,16,0,685152.0
2924,4,4,10,0,962641.0
1784,1,4,20,1,267286.0
1059,4,3,25,2,484276.0
621,3,2,30,2,165878.0
2900,1,4,24,1,255311.0
1347,4,1,21,1,406621.0
1074,4,4,26,2,548007.0
1682,3,1,26,0,306921.0
3158,1,3,16,2,843596.0
2647,3,1,12,1,754707.0
3347,1,3,0,0,800161.0
1575,5,1,1,0,685597.0
2406,2,3,8,1,973236.0
789,2,1,2,1,419272.0
3334,2,2,30,1,451493.0
1162,3,1,0,2,646887.0
2499,5,1,20,2,769658.0
1867,1,2,15,0,290614.0
3479,4,4,22,1,884484.0
2128,1,4,5,0,589514.0
1246,4,1,27,0,253625.0
2668,1,2,16,0,355858.0
3488,5,1,4,0,966915.0
2814,4,3,30,1,657743.0
1897,3,3,4,0,724052.0
3035,1,1,5,1,755649.0
1200,1,4,2,1,334903.0
2963,4,4,20,2,1053601.0
2661,3,1,22,1,618759.0
841,3,1,4,2,333811.0
2641,5,3,20,1,836881.0
3424,3,4,4,1,1066456.0
3212,3,1,9,1,631049.0
1963,3,3,9,2,706668.0
2739,2,4,18,2,629792.0
1990,5,2,16,0,883727.0
2078,1,3,20,2,530268.0
3156,4,4,13,2,1205556.0
1375,1,4,8,2,658417.0
634,5,3,13,2,612195.0
2853,4,2,0,0,925498.0
2555,5,3,18,2,987187.0
2185,3,4,12,1,675537.0
1621,4,1,12,1,659450.0
3213,3,1,3,2,887917.0
1729,1,3,29,2,211868.0
2100,1,4,0,1,836096.0
1302,4,1,16,1,524726.0
3049,4,4,7,0,1016253.0
3377,5,3,1,1,1382483.0
2179,5,1,27,1,438744.0
761,3,4,30,2,425744.0
801,4,1,7,1,599460.0
2581,1,3,6,0,591195.0
1595,5,4,25,1,746863.0
2917,5,1,25,2,612439.0
1415,1,3,1,2,714653.0
1055,5,1,21,1,449760.0
1875,3,1,21,2,388978.0
1616,4,2,2,0,867301.0
2943,1,2,26,0,231016.0
3367,4,3,17,1,784204.0
937,5,2,11,1,519887.0
1478,5,3,0,1,1057301.0
1676,1,2,21,2,158357.0
1391,3,1,11,0,594129.0
2864,2,3,4,0,586407.0
1363,1,3,29,2,364096.0
2835,2,1,29,0,286352.0
979,2,3,26,1,222179.0
1092,3,3,24,1,324308.0
1780,2,2,16,1,466914.0
2662,2,3,15,0,595537.0
664,3,4,30,1,409930.0
3168,2,1,14,2,651623.0
1967,2,2,22,2,430080.0
1752,2,2,14,0,366439.0
2627,1,4,4,2,828355.0
3295,1,1,20,2,500030.0
2095,1,1,13,0,123233.0
1762,3,2,1,1,614481.0
2122,5,3,10,1,1017626.0
3240,2,2,18,1,633087.0
991,2,1,6,0,315252.0
2298,3,4,5,2,971543.0
1018,2,2,27,1,182458.0
2936,1,1,1,1,596424.0
978,5,2,5,0,643870.0
2396,4,3,17,1,798985.0
2878,2,2,1,0,668863.0
2688,1,2,17,2,539025.0
2782,4,1,29,0,287042.0
800,5,1,14,0,587916.0
2463,4,1,26,0,501710.0
1379,1,2,18,0,212453.0
1102,4,3,30,2,538569.0
3054,3,4,1,2,1309647.0
2351,4,4,19,1,919087.0
1404,2,1,24,2,41513.0
2746,2,1,5,2,583942.0
3331,3,2,0,1,937168.0
2495,1,4,23,2,531859.0
3373,2,1,14,0,622716.0
2170,5,3,27,0,572926.0
1560,2,3,29,1,292677.0
3260,2,1,22,1,408462.0
2085,1,1,9,1,341598.0
3290,4,4,18,0,782834.0
1628,2,4,16,2,511877.0
1102,3,2,4,0,420132.0
3414,4,4,28,1,744513.0
997,5,3,3,2,1034914.0
1470,1,3,9,2,415560.0
3442,5,1,23,0,1009538.0
992,4,4,16,1,708132.0
806,4,2,9,0,554384.0
1638,4,3,16,2,644864.0
2481,5,3,27,0,762181.0
2084,4,2,19,0,520036.0
1463,5,2,23,1,586651.0
3390,4,3,4,1,1379508.0
1163,3,3,1,2,774844.0
1620,4,2,5,0,832927.0
695,5,3,20,0,458932.0
2523,2,1,1,0,634951.0
2357,4,1,12,2,925630.0
3132,2,2,29,2,422103.0
2878,3,4,10,1,1112945.0
3396,1,2,10,1,730175.0
2278,3,2,15,1,560453.0
1140,4,4,10,0,784241.0
1659,2,4,18,0,576105.0
3172,2,4,14,1,877981.0
1783,5,1,24,0,325428.0
2322,2,3,22,1,420586.0
2419,5,1,22,2,683098.0
3225,1,3,15,1,626307.0
3329,4,1,30,2,686417.0
3204,5,3,10,0,1073370.0
2197,1,1,21,1,106016.0
3293,2,4,15,0,806970.0
1395,2,2,7,2,615309.0
1651,1,1,3,2,533629.0
2243,2,3,7,2,864528.0
1963,1,4,3,0,732842.0
2581,5,1,23,0,663068.0
1954,5,1,24,0,501083.0
2263,1,4,2,0,543354.0
2129,5,1,2,2,1007312.0
2638,5,2,26,2,776469.0
2096,5,1,28,1,546558.0
2837,3,2,17,1,542875.0
2008,4,2,28,0,323094.0
2000,2,4,25,2,630315.0
1906,3,1,18,2,486944.0
3280,5,4,18,2,1190150.0
3275,1,1,20,1,419082.0
1572,5,1,4,1,803776.0
2368,4,3,17,2,919028.0
1882,5,1,27,2,500696.0
1309,1,4,9,2,570962.0
2079,4,2,28,1,445622.0
2034,5,1,21,2,621650.0
1248,4,3,20,2,581283.0
917,2,4,5,0,584763.0
1857,2,1,0,0,505675.0
1283,5,4,4,1,1108026.0
1263,4,3,8,2,704989.0
2598,1,3,11,2,631013.0
2231,5,4,25,0,715677.0
2095,2,1,13,1,588948.0
1736,2,2,1,0,615055.0
2453,5,3,16,0,956134.0
2120,4,1,13,0,449444.0
3089,2,1,25,0,390055.0
1163,4,2,12,2,733413.0
1891,2,3,26,2,426878.0
2236,2,3,8,0,746948.0
1298,3,1,25,1,192971.0
2760,2,1,24,1,519935.0
601,1,2,14,1,410040.0
1241,5,2,24,1,489866.0
2867,5,3,21,0,795500.0
2189,4,4,14,2,1063688.0
1454,2,3,23,1,506057.0
2359,1,1,29,0,41564.0
3032,4,3,10,1,937781.0
2261,3,4,30,1,510972.0
1753,4,2,15,0,453505.0
1676,4,4,28,2,539535.0
2307,2,4,16,2,605636.0
3377,3,4,25,0,654770.0
2295,4,2,3,2,945782.0
2333,1,4,0,0,773371.0
2039,1,4,7,0,755900.0
2894,5,4,16,0,894265.0
1435,3,1,2,2,758682.0
802,3,4,28,0,278901.0
722,5,2,19,1,518354.0
1000,4,4,14,2,807482.0
1366,3,4,14,2,582628.0
893,1,2,30,2,72191.0
2927,1,4,23,2,610695.0
797,2,2,21,1,253795.0
2530,3,4,13,2,913417.0
3399,4,2,25,2,1030380.0
2791,5,4,27,0,749876.0
1208,5,4,22,2,698100.0
1747,4,1,13,1,529736.0
786,2,1,23,1,42352.0
3111,5,4,1,1,1237911.0
2394,3,4,12,1,948002.0
1259,2,3,25,2,480900.0
3411,3,2,13,2,809575.0
2555,1,3,26,1,285014.0
3050,2,1,23,1,484642.0
1969,5,1,18,2,645128.0
2586,2,1,6,1,686193.0
2134,2,1,2,0,585392.0
746,2,4,14,1,300326.0
2334,2,1,22,1,499851.0
2443,3,4,13,0,951038.0
1088,1,4,10,0,351921.0
2559,4,1,14,2,710080.0
2263,2,1,27,2,338037.0
3198,5,2,12,0,983146.0
2985,2,3,17,0,683604.0
1240,5,1,25,2,687020.0
2402,3,2,5,1,767605.0
3120,5,2,2,0,1008170.0
